{"v":"5.11.0","fr":25,"ip":0,"op":88,"w":1880,"h":956,"nm":"Animated hero section03","ddd":0,"assets":[{"id":"image_0","w":123,"h":30,"u":"images/","p":"img_0.svg","e":0},{"id":"image_1","w":130,"h":30,"u":"images/","p":"img_1.svg","e":0},{"id":"image_2","w":143,"h":30,"u":"images/","p":"img_2.svg","e":0},{"id":"image_3","w":84,"h":30,"u":"images/","p":"img_3.svg","e":0},{"id":"image_4","w":92,"h":30,"u":"images/","p":"img_4.svg","e":0},{"id":"image_5","w":114,"h":30,"u":"images/","p":"img_5.svg","e":0},{"id":"image_6","w":115,"h":30,"u":"images/","p":"img_6.svg","e":0},{"id":"image_7","w":132,"h":30,"u":"images/","p":"img_7.svg","e":0},{"id":"image_8","w":109,"h":30,"u":"images/","p":"img_8.svg","e":0},{"id":"image_9","w":102,"h":30,"u":"images/","p":"img_9.svg","e":0},{"id":"image_10","w":79,"h":30,"u":"images/","p":"img_10.svg","e":0},{"id":"image_11","w":70,"h":30,"u":"images/","p":"img_11.svg","e":0},{"id":"image_12","w":123,"h":30,"u":"images/","p":"img_12.svg","e":0},{"id":"image_13","w":115,"h":30,"u":"images/","p":"img_13.svg","e":0},{"id":"image_14","w":106,"h":30,"u":"images/","p":"img_14.svg","e":0},{"id":"image_15","w":132,"h":30,"u":"images/","p":"img_15.svg","e":0},{"id":"image_16","w":183,"h":349,"u":"images/","p":"img_16.png","e":0},{"id":"image_17","w":183,"h":349,"u":"images/","p":"img_17.png","e":0},{"id":"image_18","w":173,"h":291,"u":"images/","p":"img_18.png","e":0},{"id":"image_19","w":135,"h":310,"u":"images/","p":"img_19.png","e":0},{"id":"image_20","w":1676,"h":721,"u":"images/","p":"img_20.svg","e":0},{"id":"image_21","w":1694,"h":789,"u":"images/","p":"img_21.png","e":0},{"id":"image_22","w":1700,"h":789,"u":"images/","p":"img_22.png","e":0},{"id":"image_23","w":1881,"h":957,"u":"images/","p":"img_23.png","e":0},{"id":"comp_0","nm":"TEST light Comp 1","fr":25,"layers":[{"ddd":0,"ind":1,"ty":2,"nm":"Layer 1/Test light.ai","cl":"ai","refId":"image_21","sr":1,"ks":{"o":{"a":0,"k":100,"ix":11},"r":{"a":0,"k":0,"ix":10},"p":{"a":0,"k":[847,394.5,0],"ix":2,"l":2},"a":{"a":0,"k":[847,394.5,0],"ix":1,"l":2},"s":{"a":0,"k":[100,100,100],"ix":6,"l":2}},"ao":0,"hasMask":true,"masksProperties":[{"inv":false,"mode":"a","pt":{"a":1,"k":[{"i":{"x":0.667,"y":1},"o":{"x":0.333,"y":0},"t":0,"s":[{"i":[[0,0],[0,0],[0,0],[0,0]],"o":[[0,0],[0,0],[0,0],[0,0]],"v":[[1686.117,848],[16,848],[16,1103.621],[1686.117,1103.621]],"c":true}]},{"t":90,"s":[{"i":[[0,0],[0,0],[0,0],[0,0]],"o":[[0,0],[0,0],[0,0],[0,0]],"v":[[1684.234,-280],[14.117,-280],[14.117,-24.379],[1684.234,-24.379]],"c":true}]}],"ix":1},"o":{"a":0,"k":100,"ix":3},"x":{"a":0,"k":0,"ix":4},"nm":"Mask 1"}],"ip":0,"op":2250,"st":0,"bm":0}]}],"layers":[{"ddd":0,"ind":1,"ty":2,"nm":"Layer 2","refId":"image_0","sr":1,"ks":{"o":{"a":1,"k":[{"i":{"x":[0.667],"y":[1]},"o":{"x":[0.333],"y":[0]},"t":33,"s":[50]},{"i":{"x":[0.667],"y":[1]},"o":{"x":[0.333],"y":[0]},"t":56,"s":[100]},{"t":88,"s":[50]}],"ix":11},"r":{"a":0,"k":0,"ix":10},"p":{"a":0,"k":[1652.073,763.806,0],"ix":2,"l":2},"a":{"a":0,"k":[61.141,14.739,0],"ix":1,"l":2},"s":{"a":1,"k":[{"i":{"x":[0.667,0.667,0.667],"y":[1,1,1]},"o":{"x":[0.333,0.333,0.333],"y":[0,0,0]},"t":33,"s":[100,100,100]},{"i":{"x":[0.667,0.667,0.667],"y":[1,1,1]},"o":{"x":[0.333,0.333,0.333],"y":[0,0,0]},"t":56,"s":[140,140,100]},{"t":88,"s":[100,100,100]}],"ix":6,"l":2}},"ao":0,"ip":0,"op":89,"st":0,"bm":0},{"ddd":0,"ind":2,"ty":2,"nm":"Layer 3","refId":"image_1","sr":1,"ks":{"o":{"a":1,"k":[{"i":{"x":[0.667],"y":[1]},"o":{"x":[0.333],"y":[0]},"t":27,"s":[50]},{"i":{"x":[0.667],"y":[1]},"o":{"x":[0.333],"y":[0]},"t":50,"s":[100]},{"t":82,"s":[50]}],"ix":11},"r":{"a":0,"k":0,"ix":10},"p":{"a":0,"k":[1731.067,803.158,0],"ix":2,"l":2},"a":{"a":0,"k":[64.602,14.739,0],"ix":1,"l":2},"s":{"a":1,"k":[{"i":{"x":[0.667,0.667,0.667],"y":[1,1,1]},"o":{"x":[0.333,0.333,0.333],"y":[0,0,0]},"t":27,"s":[100,100,100]},{"i":{"x":[0.667,0.667,0.667],"y":[1,1,1]},"o":{"x":[0.333,0.333,0.333],"y":[0,0,0]},"t":50,"s":[140,140,100]},{"t":82,"s":[100,100,100]}],"ix":6,"l":2}},"ao":0,"ip":0,"op":89,"st":17,"bm":0},{"ddd":0,"ind":3,"ty":2,"nm":"Layer 4","refId":"image_2","sr":1,"ks":{"o":{"a":1,"k":[{"i":{"x":[0.667],"y":[1]},"o":{"x":[0.333],"y":[0]},"t":14,"s":[50]},{"i":{"x":[0.667],"y":[1]},"o":{"x":[0.333],"y":[0]},"t":37,"s":[100]},{"t":69,"s":[50]}],"ix":11},"r":{"a":0,"k":0,"ix":10},"p":{"a":0,"k":[1699.005,849.855,0],"ix":2,"l":2},"a":{"a":0,"k":[71.407,14.739,0],"ix":1,"l":2},"s":{"a":1,"k":[{"i":{"x":[0.667,0.667,0.667],"y":[1,1,1]},"o":{"x":[0.333,0.333,0.333],"y":[0,0,0]},"t":14,"s":[100,100,100]},{"i":{"x":[0.667,0.667,0.667],"y":[1,1,1]},"o":{"x":[0.333,0.333,0.333],"y":[0,0,0]},"t":37,"s":[140,140,100]},{"t":69,"s":[100,100,100]}],"ix":6,"l":2}},"ao":0,"ip":0,"op":89,"st":28,"bm":0},{"ddd":0,"ind":4,"ty":2,"nm":"Layer 5","refId":"image_3","sr":1,"ks":{"o":{"a":1,"k":[{"i":{"x":[0.667],"y":[1]},"o":{"x":[0.333],"y":[0]},"t":0,"s":[50]},{"i":{"x":[0.667],"y":[1]},"o":{"x":[0.333],"y":[0]},"t":31,"s":[100]},{"t":77,"s":[50]}],"ix":11},"r":{"a":0,"k":0,"ix":10},"p":{"a":0,"k":[1724.036,896.551,0],"ix":2,"l":2},"a":{"a":0,"k":[41.748,14.739,0],"ix":1,"l":2},"s":{"a":1,"k":[{"i":{"x":[0.667,0.667,0.667],"y":[1,1,1]},"o":{"x":[0.333,0.333,0.333],"y":[0,0,0]},"t":0,"s":[100,100,100]},{"i":{"x":[0.667,0.667,0.667],"y":[1,1,1]},"o":{"x":[0.333,0.333,0.333],"y":[0,0,0]},"t":31,"s":[140,140,100]},{"t":77,"s":[100,100,100]}],"ix":6,"l":2}},"ao":0,"ip":0,"op":89,"st":40,"bm":0},{"ddd":0,"ind":5,"ty":2,"nm":"Layer 6","refId":"image_4","sr":1,"ks":{"o":{"a":1,"k":[{"i":{"x":[0.667],"y":[1]},"o":{"x":[0.333],"y":[0]},"t":30,"s":[50]},{"i":{"x":[0.667],"y":[1]},"o":{"x":[0.333],"y":[0]},"t":53,"s":[100]},{"t":85,"s":[50]}],"ix":11},"r":{"a":0,"k":0,"ix":10},"p":{"a":0,"k":[1215.424,757.635,0],"ix":2,"l":2},"a":{"a":0,"k":[45.836,14.738,0],"ix":1,"l":2},"s":{"a":1,"k":[{"i":{"x":[0.667,0.667,0.667],"y":[1,1,1]},"o":{"x":[0.333,0.333,0.333],"y":[0,0,0]},"t":30,"s":[100,100,100]},{"i":{"x":[0.667,0.667,0.667],"y":[1,1,1]},"o":{"x":[0.333,0.333,0.333],"y":[0,0,0]},"t":53,"s":[140,140,100]},{"t":85,"s":[100,100,100]}],"ix":6,"l":2}},"ao":0,"ip":0,"op":89,"st":0,"bm":0},{"ddd":0,"ind":6,"ty":2,"nm":"Layer 7","refId":"image_5","sr":1,"ks":{"o":{"a":1,"k":[{"i":{"x":[0.667],"y":[1]},"o":{"x":[0.333],"y":[0]},"t":20,"s":[50]},{"i":{"x":[0.667],"y":[1]},"o":{"x":[0.333],"y":[0]},"t":43,"s":[100]},{"t":75,"s":[50]}],"ix":11},"r":{"a":0,"k":0,"ix":10},"p":{"a":0,"k":[1276.6,806.677,0],"ix":2,"l":2},"a":{"a":0,"k":[56.923,14.739,0],"ix":1,"l":2},"s":{"a":1,"k":[{"i":{"x":[0.667,0.667,0.667],"y":[1,1,1]},"o":{"x":[0.333,0.333,0.333],"y":[0,0,0]},"t":20,"s":[100,100,100]},{"i":{"x":[0.667,0.667,0.667],"y":[1,1,1]},"o":{"x":[0.333,0.333,0.333],"y":[0,0,0]},"t":43,"s":[140,140,100]},{"t":75,"s":[100,100,100]}],"ix":6,"l":2}},"ao":0,"ip":0,"op":89,"st":0,"bm":0},{"ddd":0,"ind":7,"ty":2,"nm":"Layer 8","refId":"image_6","sr":1,"ks":{"o":{"a":1,"k":[{"i":{"x":[0.667],"y":[1]},"o":{"x":[0.333],"y":[0]},"t":9,"s":[50]},{"i":{"x":[0.667],"y":[1]},"o":{"x":[0.333],"y":[0]},"t":32,"s":[100]},{"t":64,"s":[50]}],"ix":11},"r":{"a":0,"k":0,"ix":10},"p":{"a":0,"k":[1249.144,849.934,0],"ix":2,"l":2},"a":{"a":0,"k":[57.028,14.738,0],"ix":1,"l":2},"s":{"a":1,"k":[{"i":{"x":[0.667,0.667,0.667],"y":[1,1,1]},"o":{"x":[0.333,0.333,0.333],"y":[0,0,0]},"t":9,"s":[100,100,100]},{"i":{"x":[0.667,0.667,0.667],"y":[1,1,1]},"o":{"x":[0.333,0.333,0.333],"y":[0,0,0]},"t":32,"s":[140,140,100]},{"t":64,"s":[100,100,100]}],"ix":6,"l":2}},"ao":0,"ip":0,"op":89,"st":0,"bm":0},{"ddd":0,"ind":8,"ty":2,"nm":"Layer 9","refId":"image_7","sr":1,"ks":{"o":{"a":1,"k":[{"i":{"x":[0.667],"y":[1]},"o":{"x":[0.333],"y":[0]},"t":0,"s":[50]},{"i":{"x":[0.667],"y":[1]},"o":{"x":[0.333],"y":[0]},"t":23,"s":[100]},{"t":74,"s":[50]}],"ix":11},"r":{"a":0,"k":0,"ix":10},"p":{"a":0,"k":[1333.274,894.333,0],"ix":2,"l":2},"a":{"a":0,"k":[65.633,14.739,0],"ix":1,"l":2},"s":{"a":1,"k":[{"i":{"x":[0.667,0.667,0.667],"y":[1,1,1]},"o":{"x":[0.333,0.333,0.333],"y":[0,0,0]},"t":0,"s":[100,100,100]},{"i":{"x":[0.667,0.667,0.667],"y":[1,1,1]},"o":{"x":[0.333,0.333,0.333],"y":[0,0,0]},"t":23,"s":[140,140,100]},{"t":74,"s":[100,100,100]}],"ix":6,"l":2}},"ao":0,"ip":0,"op":89,"st":0,"bm":0},{"ddd":0,"ind":9,"ty":2,"nm":"Layer 10","refId":"image_8","sr":1,"ks":{"o":{"a":1,"k":[{"i":{"x":[0.667],"y":[1]},"o":{"x":[0.333],"y":[0]},"t":33,"s":[50]},{"i":{"x":[0.667],"y":[1]},"o":{"x":[0.333],"y":[0]},"t":56,"s":[100]},{"t":88,"s":[50]}],"ix":11},"r":{"a":0,"k":0,"ix":10},"p":{"a":0,"k":[580.398,750.788,0],"ix":2,"l":2},"a":{"a":0,"k":[54.105,14.738,0],"ix":1,"l":2},"s":{"a":1,"k":[{"i":{"x":[0.667,0.667,0.667],"y":[1,1,1]},"o":{"x":[0.333,0.333,0.333],"y":[0,0,0]},"t":33,"s":[100,100,100]},{"i":{"x":[0.667,0.667,0.667],"y":[1,1,1]},"o":{"x":[0.333,0.333,0.333],"y":[0,0,0]},"t":56,"s":[140,140,100]},{"t":88,"s":[100,100,100]}],"ix":6,"l":2}},"ao":0,"ip":0,"op":89,"st":0,"bm":0},{"ddd":0,"ind":10,"ty":2,"nm":"Layer 11","refId":"image_9","sr":1,"ks":{"o":{"a":1,"k":[{"i":{"x":[0.667],"y":[1]},"o":{"x":[0.333],"y":[0]},"t":24,"s":[50]},{"i":{"x":[0.667],"y":[1]},"o":{"x":[0.333],"y":[0]},"t":47,"s":[100]},{"t":79,"s":[50]}],"ix":11},"r":{"a":0,"k":0,"ix":10},"p":{"a":0,"k":[645.662,797.928,0],"ix":2,"l":2},"a":{"a":0,"k":[50.547,14.739,0],"ix":1,"l":2},"s":{"a":1,"k":[{"i":{"x":[0.667,0.667,0.667],"y":[1,1,1]},"o":{"x":[0.333,0.333,0.333],"y":[0,0,0]},"t":24,"s":[100,100,100]},{"i":{"x":[0.667,0.667,0.667],"y":[1,1,1]},"o":{"x":[0.333,0.333,0.333],"y":[0,0,0]},"t":47,"s":[140,140,100]},{"t":79,"s":[100,100,100]}],"ix":6,"l":2}},"ao":0,"ip":0,"op":89,"st":0,"bm":0},{"ddd":0,"ind":11,"ty":2,"nm":"Layer 12","refId":"image_10","sr":1,"ks":{"o":{"a":1,"k":[{"i":{"x":[0.667],"y":[1]},"o":{"x":[0.333],"y":[0]},"t":11,"s":[50]},{"i":{"x":[0.667],"y":[1]},"o":{"x":[0.333],"y":[0]},"t":34,"s":[100]},{"t":66,"s":[50]}],"ix":11},"r":{"a":0,"k":0,"ix":10},"p":{"a":0,"k":[548.622,826.904,0],"ix":2,"l":2},"a":{"a":0,"k":[39.495,14.738,0],"ix":1,"l":2},"s":{"a":1,"k":[{"i":{"x":[0.667,0.667,0.667],"y":[1,1,1]},"o":{"x":[0.333,0.333,0.333],"y":[0,0,0]},"t":11,"s":[100,100,100]},{"i":{"x":[0.667,0.667,0.667],"y":[1,1,1]},"o":{"x":[0.333,0.333,0.333],"y":[0,0,0]},"t":34,"s":[140,140,100]},{"t":66,"s":[100,100,100]}],"ix":6,"l":2}},"ao":0,"ip":0,"op":89,"st":0,"bm":0},{"ddd":0,"ind":12,"ty":2,"nm":"Layer 13","refId":"image_11","sr":1,"ks":{"o":{"a":1,"k":[{"i":{"x":[0.667],"y":[1]},"o":{"x":[0.333],"y":[0]},"t":0,"s":[50]},{"i":{"x":[0.667],"y":[1]},"o":{"x":[0.333],"y":[0]},"t":32,"s":[100]},{"t":73,"s":[50]}],"ix":11},"r":{"a":0,"k":0,"ix":10},"p":{"a":0,"k":[580.954,879.844,0],"ix":2,"l":2},"a":{"a":0,"k":[34.613,14.738,0],"ix":1,"l":2},"s":{"a":1,"k":[{"i":{"x":[0.667,0.667,0.667],"y":[1,1,1]},"o":{"x":[0.333,0.333,0.333],"y":[0,0,0]},"t":0,"s":[100,100,100]},{"i":{"x":[0.667,0.667,0.667],"y":[1,1,1]},"o":{"x":[0.333,0.333,0.333],"y":[0,0,0]},"t":32,"s":[140,140,100]},{"t":73,"s":[100,100,100]}],"ix":6,"l":2}},"ao":0,"ip":0,"op":89,"st":0,"bm":0},{"ddd":0,"ind":13,"ty":2,"nm":"Layer 14","refId":"image_12","sr":1,"ks":{"o":{"a":1,"k":[{"i":{"x":[0.667],"y":[1]},"o":{"x":[0.333],"y":[0]},"t":33,"s":[50]},{"i":{"x":[0.667],"y":[1]},"o":{"x":[0.333],"y":[0]},"t":56,"s":[100]},{"t":88,"s":[50]}],"ix":11},"r":{"a":0,"k":0,"ix":10},"p":{"a":0,"k":[258.803,715.693,0],"ix":2,"l":2},"a":{"a":0,"k":[61.426,14.738,0],"ix":1,"l":2},"s":{"a":1,"k":[{"i":{"x":[0.667,0.667,0.667],"y":[1,1,1]},"o":{"x":[0.333,0.333,0.333],"y":[0,0,0]},"t":33,"s":[100,100,100]},{"i":{"x":[0.667,0.667,0.667],"y":[1,1,1]},"o":{"x":[0.333,0.333,0.333],"y":[0,0,0]},"t":56,"s":[140,140,100]},{"t":88,"s":[100,100,100]}],"ix":6,"l":2}},"ao":0,"ip":0,"op":89,"st":0,"bm":0},{"ddd":0,"ind":14,"ty":2,"nm":"Layer 15","refId":"image_13","sr":1,"ks":{"o":{"a":1,"k":[{"i":{"x":[0.667],"y":[1]},"o":{"x":[0.333],"y":[0]},"t":27,"s":[50]},{"i":{"x":[0.667],"y":[1]},"o":{"x":[0.333],"y":[0]},"t":50,"s":[100]},{"t":82,"s":[50]}],"ix":11},"r":{"a":0,"k":0,"ix":10},"p":{"a":0,"k":[183.163,761.643,0],"ix":2,"l":2},"a":{"a":0,"k":[57.095,14.738,0],"ix":1,"l":2},"s":{"a":1,"k":[{"i":{"x":[0.667,0.667,0.667],"y":[1,1,1]},"o":{"x":[0.333,0.333,0.333],"y":[0,0,0]},"t":27,"s":[100,100,100]},{"i":{"x":[0.667,0.667,0.667],"y":[1,1,1]},"o":{"x":[0.333,0.333,0.333],"y":[0,0,0]},"t":50,"s":[140,140,100]},{"t":82,"s":[100,100,100]}],"ix":6,"l":2}},"ao":0,"ip":0,"op":89,"st":0,"bm":0},{"ddd":0,"ind":15,"ty":2,"nm":"Layer 16","refId":"image_14","sr":1,"ks":{"o":{"a":1,"k":[{"i":{"x":[0.667],"y":[1]},"o":{"x":[0.333],"y":[0]},"t":16,"s":[50]},{"i":{"x":[0.667],"y":[1]},"o":{"x":[0.333],"y":[0]},"t":39,"s":[100]},{"t":71,"s":[50]}],"ix":11},"r":{"a":0,"k":0,"ix":10},"p":{"a":0,"k":[199.677,812.416,0],"ix":2,"l":2},"a":{"a":0,"k":[52.627,14.739,0],"ix":1,"l":2},"s":{"a":1,"k":[{"i":{"x":[0.667,0.667,0.667],"y":[1,1,1]},"o":{"x":[0.333,0.333,0.333],"y":[0,0,0]},"t":16,"s":[100,100,100]},{"i":{"x":[0.667,0.667,0.667],"y":[1,1,1]},"o":{"x":[0.333,0.333,0.333],"y":[0,0,0]},"t":39,"s":[140,140,100]},{"t":71,"s":[100,100,100]}],"ix":6,"l":2}},"ao":0,"ip":0,"op":89,"st":0,"bm":0},{"ddd":0,"ind":16,"ty":2,"nm":"Layer 17","refId":"image_15","sr":1,"ks":{"o":{"a":1,"k":[{"i":{"x":[0.667],"y":[1]},"o":{"x":[0.333],"y":[0]},"t":0,"s":[50]},{"i":{"x":[0.667],"y":[1]},"o":{"x":[0.333],"y":[0]},"t":23,"s":[100]},{"t":74,"s":[50]}],"ix":11},"r":{"a":0,"k":0,"ix":10},"p":{"a":0,"k":[136.772,865.355,0],"ix":2,"l":2},"a":{"a":0,"k":[65.632,14.739,0],"ix":1,"l":2},"s":{"a":1,"k":[{"i":{"x":[0.667,0.667,0.667],"y":[1,1,1]},"o":{"x":[0.333,0.333,0.333],"y":[0,0,0]},"t":0,"s":[100,100,100]},{"i":{"x":[0.667,0.667,0.667],"y":[1,1,1]},"o":{"x":[0.333,0.333,0.333],"y":[0,0,0]},"t":23,"s":[140,140,100]},{"t":74,"s":[100,100,100]}],"ix":6,"l":2}},"ao":0,"ip":0,"op":89,"st":0,"bm":0},{"ddd":0,"ind":17,"ty":2,"nm":"Layer 18","refId":"image_16","sr":1,"ks":{"o":{"a":0,"k":100,"ix":11},"r":{"a":0,"k":0,"ix":10},"p":{"a":0,"k":[184.803,825.418,0],"ix":2,"l":2},"a":{"a":0,"k":[91.469,174.004,0],"ix":1,"l":2},"s":{"a":1,"k":[{"i":{"x":[0.667,0.667,0.667],"y":[1,1,1]},"o":{"x":[0.333,0.333,0.333],"y":[0,0,0]},"t":0,"s":[100,100,100]},{"i":{"x":[0.667,0.667,0.667],"y":[1,1,1]},"o":{"x":[0.333,0.333,0.333],"y":[0,0,0]},"t":40.941,"s":[120,120,100]},{"t":87,"s":[100,100,100]}],"ix":6,"l":2}},"ao":0,"ip":0,"op":89,"st":0,"bm":2},{"ddd":0,"ind":18,"ty":2,"nm":"Layer 19","refId":"image_17","sr":1,"ks":{"o":{"a":0,"k":100,"ix":11},"r":{"a":0,"k":0,"ix":10},"p":{"a":0,"k":[1695.14,825.418,0],"ix":2,"l":2},"a":{"a":0,"k":[91.47,174.004,0],"ix":1,"l":2},"s":{"a":1,"k":[{"i":{"x":[0.667,0.667,0.667],"y":[1,1,1]},"o":{"x":[0.333,0.333,0.333],"y":[0,0,0]},"t":0,"s":[100,100,100]},{"i":{"x":[0.667,0.667,0.667],"y":[1,1,1]},"o":{"x":[0.333,0.333,0.333],"y":[0,0,0]},"t":40.941,"s":[120,120,100]},{"t":87,"s":[100,100,100]}],"ix":6,"l":2}},"ao":0,"ip":0,"op":89,"st":0,"bm":2},{"ddd":0,"ind":19,"ty":2,"nm":"Layer 20","refId":"image_18","sr":1,"ks":{"o":{"a":0,"k":100,"ix":11},"r":{"a":0,"k":0,"ix":10},"p":{"a":0,"k":[1252.285,794.559,0],"ix":2,"l":2},"a":{"a":0,"k":[86.025,145.382,0],"ix":1,"l":2},"s":{"a":1,"k":[{"i":{"x":[0.667,0.667,0.667],"y":[1,1,1]},"o":{"x":[0.333,0.333,0.333],"y":[0,0,0]},"t":0,"s":[100,100,100]},{"i":{"x":[0.667,0.667,0.667],"y":[1,1,1]},"o":{"x":[0.333,0.333,0.333],"y":[0,0,0]},"t":40.941,"s":[120,120,100]},{"t":87,"s":[100,100,100]}],"ix":6,"l":2}},"ao":0,"ip":0,"op":89,"st":0,"bm":2},{"ddd":0,"ind":20,"ty":2,"nm":"Layer 21","refId":"image_19","sr":1,"ks":{"o":{"a":0,"k":100,"ix":11},"r":{"a":0,"k":0,"ix":10},"p":{"a":0,"k":[590.704,794.56,0],"ix":2,"l":2},"a":{"a":0,"k":[67.273,154.944,0],"ix":1,"l":2},"s":{"a":1,"k":[{"i":{"x":[0.667,0.667,0.667],"y":[1,1,1]},"o":{"x":[0.333,0.333,0.333],"y":[0,0,0]},"t":0,"s":[100,100,100]},{"i":{"x":[0.667,0.667,0.667],"y":[1,1,1]},"o":{"x":[0.333,0.333,0.333],"y":[0,0,0]},"t":40.941,"s":[120,120,100]},{"t":87,"s":[100,100,100]}],"ix":6,"l":2}},"ao":0,"ip":0,"op":89,"st":0,"bm":2},{"ddd":0,"ind":21,"ty":2,"nm":"Layer 8/path.ai","cl":"ai","refId":"image_20","sr":1,"ks":{"o":{"a":0,"k":100,"ix":11},"r":{"a":0,"k":0,"ix":10},"p":{"a":0,"k":[939.8,598.1,0],"ix":2,"l":2},"a":{"a":0,"k":[838,360.5,0],"ix":1,"l":2},"s":{"a":0,"k":[100,100,100],"ix":6,"l":2}},"ao":0,"ip":0,"op":89,"st":0,"bm":0},{"ddd":0,"ind":22,"ty":0,"nm":"TEST light","refId":"comp_0","sr":1,"ks":{"o":{"a":0,"k":100,"ix":11},"r":{"a":0,"k":0,"ix":10},"p":{"a":0,"k":[939.8,598.1,0],"ix":2,"l":2},"a":{"a":0,"k":[847,394.5,0],"ix":1,"l":2},"s":{"a":0,"k":[100,100,100],"ix":6,"l":2}},"ao":0,"w":1694,"h":789,"ip":0,"op":85,"st":0,"bm":0},{"ddd":0,"ind":23,"ty":2,"nm":"light","refId":"image_22","sr":1,"ks":{"o":{"a":0,"k":100,"ix":11},"r":{"a":0,"k":0,"ix":10},"p":{"a":0,"k":[939.84,598.08,0],"ix":2,"l":2},"a":{"a":0,"k":[849.84,394.08,0],"ix":1,"l":2},"s":{"a":0,"k":[100,100,100],"ix":6,"l":2}},"ao":0,"ip":0,"op":89,"st":0,"bm":0},{"ddd":0,"ind":24,"ty":2,"nm":"Background","refId":"image_23","sr":1,"ks":{"o":{"a":0,"k":100,"ix":11},"r":{"a":0,"k":0,"ix":10},"p":{"a":0,"k":[940,478,0],"ix":2,"l":2},"a":{"a":0,"k":[940.25,478.25,0],"ix":1,"l":2},"s":{"a":0,"k":[100,100,100],"ix":6,"l":2}},"ao":0,"ip":0,"op":89,"st":0,"bm":0}],"markers":[],"props":{}}